"id","email","password","token_ativacao","ativado"
1,"diogopavani@gmail.com","$2y$10$RRUYiMZuAv3zk2qA0TCtquFc6/odlZg6HmlCp5OPTIxv/wOL9dLPS",NULL,False
2,"diogo@gmail.com","$2y$10$U2FV8eMGahXuuuZdfBZSzuJ4f83.YjPwEntqYT3lwvGV1YMfp9XDy",NULL,False
3,"diogo2@gmail.com","$2y$10$COXfW/N72MDoQj.ZQ8qAwu8Mpanusi4/jylPwbWvUqfQiF95ik19W",NULL,False
4,"diogo20@gmail.com","$2y$10$4hlzKQG4nzsxcxDfq8ELDunu4iV/YwY//oZ9b2qRV4WCl3VWigtsK",NULL,True
5,"diogosilva@gmail.com","$2y$10$Asjpp5xFJHGBXO6M4blNzOyUkzKp9SkOZ8HFJG8GZiQRQYLyp87.a",NULL,False
6,"32","$2y$10$a0dQWpoXEUX49T1vHGGr7O0bI5UW9tc8GMqcDwX8CFzNEsKqsQCOS",NULL,False
7,"diogo22220@gmail.com","$2y$10$q8G6Q5u.bIut2t5AnuBQk.QQbnNII3DmZ3uUi9SaDBnvHmqDHYIbO","fa3e17dcb51539dbbf38ec69d263d947",False
8,"pavanidiogo@gmail.com","$2y$10$nL2l84lJ3yzcS3SF9mOqmuseqv5jBi/MzlWMw.0pUFJFkxbW1MqY.","f053e0ed8a6b43196300e661ace63533",False
9,"sdasda","$2y$10$yCJBDDAvo0BCACmzKtrOQu7/wJdASXZ6qOXxvLbCGMF9NtN0fQPn.","f162c0895c2b7777c4e34ea87017622a",False
10,"sad","$2y$10$5Z0TwzwzT7ugnlOaldn9huskotNme34IQvmowP1lit0kJv9Qd489.","0da89e32e2917591b373308e58ab0b39",False
11,"gamemax0001@gmail.com","$2y$10$zv.UjA5fTfl2s5kkRS1sE.kvFo8rTgOVGeDAdfYirztRjQgTwxQYS",NULL,True
12,"dsada","$2y$10$N4vwqneMrAc/j02xmT9rEelIhAy9ngjBWwrbYLB1T2AQGj80YkUJS",NULL,True
13,"3232sds","$2y$10$wb0w3mUCj8RnSkjXxHBQ8.WuS3q.dZ2xU/96ko5BCgr7GxqnF3TB.",NULL,True
14,"tes","$2y$10$6OLB.hvArS8yqBpxnoMh2uYWn1XRT1.YYcaJeUnDvJOLdT/7ktDTW",NULL,True
15,"23131","$2y$10$hwv8UnkhyL5mR9fEo38rn.rVuyaFBGzlTvYs2r7khqL3ME2qajbjG",NULL,True
16,"231312","$2y$10$a0CW1IZoD5QHTYmKNdoWnu6yuWxWUO98D8XZi5wsID1sTU2LJ47sW",NULL,True
17,"pavanidiogo1@gmail.com","$2y$10$9uiS7pxsoPSHRubcmxRD9e45A0/D5wfNPzIkHLokAnYcvC.fYhXNa",NULL,True
18,"w4wsdd","$2y$10$M//Tf3Rj8gqSGuj3/4RJ4u1Ts9N7bTvr3h3bwR5bQwzAYEGHI0zyq","68e9aaa9014de39dd2b18c7b1f46dbc3",False
19,"test232","$2y$10$9YErZRO7LhZ7Z1elzICbAObhIAPv5zzYr1WitQMAHG1Cjv7doTdPG","1fa99a72f280dce9465729cd9dd3fafa",False
20,"oitensasda","$2y$10$U5tPFVNUtd15Bj1L/gBXp.QcKrIu4QuWLhlPsxR1IXCbup2EbnAkS","beda7735be717a01aeb89381f38f0b0b",False
21,"pavanidiogo123@gmail.com","$2y$10$/kkyOEVD.QGGB7.bctVHpOSoqZ/jzqFs/6p.mbgpk7WuGsGEX3MC6","9cdffb5afff2c07e62e37b980a67ae10",False
22,"pavanidiogo144@gmail.com","$2y$10$NUkjehzXQrGI4TJQejvEtO4RtldhjpdJKVgNG3mBUhYvR9Uzhzz5y","a8d00831c9919f492ac393f1063cf716",False
23,"gamemax0002@gmail.com","$2y$10$qk6W3joKnXkZ1KcH/9tyI.yj0v06ma/R7UMZFWUjIx0bCRNa6w.o.","0cca5f11c69357cc0fa0e2a5501be67e",False
24,"pavanidiogo2@gmail.com","$2y$10$XQ3VkoVhR7dmU0zZxPwXP.YcbmJQZlgVf4AWMRwBPrlFlgR1b/PaW",NULL,True
25,"pavanidiogo1203@gmail.com","$2y$10$yM5GHWM9hW1hyApuSGBe1OWT1s5.DTAPrTpwjrVx.eIsf7qitHKAC","b078ff4803551a89a859eba9c9183f22",False
26,"juliapavanisss100@gmail.com","$2y$10$kF33ZU7BKDRTSNHRVgeli.RJyCLU/Sce29HFs.L0O7kixKgOgwgsK",NULL,True
27,"sassatest","$2y$10$LNVpgpR0ro82qkiXXOsoLefs4bq4uEJDWD3roWky6u9jOH2miXq4q",NULL,True
28,"test.fasdas","$2y$10$4394/k2n9m0bQTvR4fReV.OdQ3JvyP.eOdfUFR4ya5fExyjRE2LRu","7faa267bad89b0861b6e685376eb78fb",False
29,"pedrosilva@gmail.com","$2y$10$75/uT88rkjKly92FwLbef.czV7YIEsIqNgDAuBF86UZwWSC5fFRRy",NULL,True
30,"juliapavani100000@gmail.com","$2y$10$dB66Xn0aN4b7FWTxjIk2SuVlRy5Mnek.vosG3bmkG8ah92MrCMQFi","e4d02506f318ed8ac199e97e6f6626de",False
31,"juliapavani99100@gmail.com","$2y$10$C2DKKf.ewUU8bBAGOS939.wUR05v2hLsn2xKyj5cxDV72h2Rra5Jm","0360484f3b7914056e8e6f6d88916f21",False
32,"juliapavani10000@gmail.com","$2y$10$OrOpuy08Z4DcL0Af7L9oXOziKUCSbkBVjbXcrpEGwLYOMk9/B220u",NULL,True
33,"juliapavani100@gmail.com","$2y$10$/hZ2XiyJqVxkcBSKCrNVL.3x0Zu3bXqRrf3mpdFyb5W.h0qoLrIlK",NULL,True
34,"diogosilva2@gmail.com","$2y$10$IEsB8JyzBZxLcfVu5Inqye1Pbus/jt36CPI6ouYle2wuadw2au9Mq","66662e44323338ffe92ac1105964fba9",False
35,"diogosilva332@gmail.com","$2y$10$cDT9RuHeZ5caEr1jlNEeuuLgWbZxflInB8W0y8YJ.g8MSHCNGf4Ia","adeccde58b355e46db55adb03f50e0e4",False
36,"diogosilva3232@gmail.com","$2y$10$O5DLQl4OKZVWiCpDdHqhm.hqLiz8gqYDDZxsDppcjbIgpnD7E.HB2","bdd5873173b4604a04f44c79eb6ee6be",False
37,"teste1@example.com","$2y$10$xnOTjzhfhhX9jowfQZMiUOFNnClWlamDxRKjUON4RJ6.nMnx.Dr4u","0db5a9c1af0ae6fea56a9c57d97790fe",False
38,"teste2@example.com","$2y$10$6Mf1NPjDWCUWJWGBrgm4nuiCzZ6Z8L82dYs2s3./UbqtoJxO5cYDi","2cd37a7feb64d6847f091ab6a90ee950",False
39,"teste3@example.com","$2y$10$rNuHUUtemGg2eseg5KDc9Oe27LG46G4k5Xo4QFwWI0LsLEDh0ATUS","a94bb305e94e73f9bfcea21b33eab9c0",False
40,"5emcwhz107@testando.com","$2y$10$yjeDBfUJppP5CeHSr43vBuDLgjVsGlFnBGJPe5ei5FWcfpEjV7mRa","c8bff77ead5d3b530224afe2964ed88c",False
41,"2p52py2wq8@testando.com","$2y$10$Sj4.ieF/5Dqqrs8.XF/gVeRxFW3401NdfIMVsSWNocpu.y5LmbwTu","e3eef9c2598da1bde425a361e842669a",False
42,"b69tfwjtaj@testando.com","$2y$10$wONVvWayJx5k6LIoLR1tTODj2nGpfoi1DzFr.vk11d93A8jMx5eFe","6c9b3fb0066b2f4fde6e124aec50da20",False
43,"fsxvzoblvf@testando.com","$2y$10$MpBA4YmDWJOw6IKLytyjZenAD.bmGRlaEf9O0QyUc3mCbWfnMtWqy","7b36948146718ec55f07418eea5f8964",False
44,"qri1k7h1ry@testando.com","$2y$10$.1wEOYC7eDlXRdbAkZtka.svqXb8hHR7izSgqFzmhTGAQaBB1isMW","c8ae3092466656988fae1481f4cbc5cc",False
45,"24qzfld8r1@testando.com","$2y$10$hujD2yvWuWAjtcEXHcBwZOlZAhjuSFgDc82PYOMJ9m9rw0LfZonxa","f54cfb788bfc480ce15e2f16b17b9e89",False
46,"ybbyqpfejg@testando.com","$2y$10$y4i.ZesVERZOV13tNYf6XedzbcCjOYOSpQmGhL4/iZzU9.qHJMtcy","30d982c8c6c8b20330f123e997cf6b7e",False
47,"1h3f1sqq5o@testando.com","$2y$10$99qX0DBtpoEfMytAnCsjHuYvdELgUqeS9s2IRBQSsgVgwbUB95eVK","0793ed3ba30437031852463f8f2d404f",False
48,"udcebfe967@testando.com","$2y$10$L2PII5vkH1a7DC8T6TTwqutsmmCiPMLzW1TGDqnWxpsjB9iUXaQhm","079e55882db6e31c2bc3837139fa58cd",False
49,"i7se3vbjga@testando.com","$2y$10$H/B.9M7GKaqQWw6IJKkBKeoDkeWCpbgvi0NcYD.6u.ebsDG.vmD16","bc9459a3a0dcdc68db0333d13807d58a",False
50,"ysut929bhs@testando.com","$2y$10$6ti3lY82pd9gq1CRJXFjz.DB83mod0YFGM5rkHP.K3aoN250vziaC","56de4912c7d16e8243e22e69fa57650c",False
51,"4gq7dce3q2@testando.com","$2y$10$LAu3GtM0MDuCLmWDAjc/IONI78iOEcEi29eXREcFZvwCYeS0D4Isi","7f010156f72cc4e1532bdadc05ce211f",False
52,"z263wvys4n@testando.com","$2y$10$foqfehMDk4eLwOatq/.vyOOmAlBQYECzyo0U3Yj0ymmfCsZPEPmGu","71a828fe083f46209a3281ca48a4ec3b",False
53,"x65686apgo@testando.com","$2y$10$t/TEa7Sf7twuR431BCZx9uRkTVKOG3Vnxr2aFzCK6jfBsIu.ZI1rO","99e9bad1125e1b702efebbf6853a6667",False
54,"on40wckl5l@testando.com","$2y$10$Juc3Ag7tlnPer29lQlEdwuDNUqqUWFycsjoFAn7hPOFmKXl49kxlu","c6d95bf29d0fe661718e80c5e3472d8a",False
55,"kusizg8ml4@testando.com","$2y$10$zDdPW.2Ngo4jYmWE0yBBjOt4KBfFCFrDxEa4TgHvLd6BUn1MQE74u","075ab2f5fe76fc163944c511e58581a3",False
56,"55y5z1q6ii@testando.com","$2y$10$LjdwlioG93A1YahEWXR.ouTMpEfrtwOJjU39qcMQmh4QPCJe0i50u","8c2ec3baf9bbec0683fd368918ee0b31",False
57,"8c8xvgdwba@testando.com","$2y$10$CGj976X6VOKjY4tHBri.N..iHsUUS0BVAI1H5ZrtFLcDVyNW5E/ZO","bd7a2fbbcd7d3e10a177ac0577537aa7",False
58,"9170wtdpuf@testando.com","$2y$10$FXYoPRzxFCsilAA577HW..4PdNPktlBd8OkEpLbF.LajkbEOMFV7G","ed1a589c96a6ec4bd9f4532521070e26",False
59,"uws12ck3tq@testando.com","$2y$10$uG.Jt6cFf8IBiWMuMC0pvugYbtSm282PSfuXSYF2YKcqWzF0vlg6C","ca959ae266decbd371be32bd2a0ea332",False
60,"x0hdmptqyu@testando.com","$2y$10$LVVx5ZN2cOlN7lwOZQVoz./vWMcuQXeDKczcqjmFBpVgom286J5JK","0ed7202b4b480828ae70fb9dd94d15b0",False
61,"mmlah01z8n@testando.com","$2y$10$bhvCtQcc/sspti/l7RFzOuWgQt.IRelK48BdaiQnzFUK/BMQPay0K","6aad98002e873e9b4508d3d085e2fb55",False
62,"98kem1413f@testando.com","$2y$10$0T8GXMl2uHoMrvdDrM28Q.eRpW6Meg.suawD6B3hUq5O7aw4WO.fi","fc4bf9b3258fc3cbe0553ccc3b331eab",False
63,"qga53u2qbn@testando.com","$2y$10$1vjDipqhQAKQLqkiLPg48OPCpxnlueJQxjNPAc2Xff6LqoBLwfOyy","185c734189648dfe15d488f8e3895399",False
64,"cx59jf6shx@testando.com","$2y$10$YyR01AnlzJB9Z/iiE6T3teNTQP7I2QnZGrDqkKW5WA4Cav6rFdneO","0d184676881570911f9e03eaacb1fe3b",False
65,"rkx71qrk8u@testando.com","$2y$10$tPioh91F0r4qH3hon2VlhuoGsD4JQS3vFZLT2YE1I/fYXQaFcDwMO","cd31ba826ed9c9655de8e7d4fe84e76d",False
66,"r3dr3hwtwk@testando.com","$2y$10$gdOqPeoZ3NuayEN2XjstTO9D1/GkM2OyR/dVRQgcLFCatVv7sExgi","10a966b2673173860b37b64b6479ca0a",False
67,"wrlj3cokib@testando.com","$2y$10$BhpndKQC.rIl7S/Hf2PpX.LWjIjOoum8PfQQDYMKzFxCp0pRffN5S","5c75cc5f198019caaf7858ced7330463",False
68,"fh0hd2i9i1@testando.com","$2y$10$zOn4Qn8CXnItaa1gIlnleebRLOGRZym64AGUAiOjCxlU7nLSJdslm","0d01d103834fa3764fc9427dd8aa43d8",False
69,"kh3sw4l33j@testando.com","$2y$10$CRsAJlnnQin7PnD1XcBcSOyzYIu2DhMBuWSquynEY0IX34/a9HinS","8d567403783320a1e1159edcf494809b",False
70,"a68ec2f0ls@testando.com","$2y$10$QWUKRGogUMNAAZOsa.6htOxr6XR/EjKGIbLCZgJW7q9j3stSKKlXG","b1383762029756ff9669de5bd31a6c11",False
71,"t0ttuxzks8@testando.com","$2y$10$CQxWZ/8f2AU5Yn/ucOMZMO5pOuGzH9qE4g78GCFAJNpHy04NP6VIm","7cc1d699f08fa262001959f8a8981542",False
72,"l1tpwkkzm8@testando.com","$2y$10$iOnak/RdQ0yz8tU.EcBfKe1LOGjRs8bQiLahIW3wUQZFNk5RVqePe","33d0ca2fd34349c9d581e62531cf31f5",False
73,"qljf4pd82f@testando.com","$2y$10$IxkDLK7VG1DHo/XJ6wBW/uxkrGBQZ/gqWeS0A8na8kSjt5ZIkyBJe","d3ee5519c4cc78edbeb2e6b0a4589a38",False
74,"01z0s8taya@testando.com","$2y$10$S6MwnkKBcnu5Xu1g6qrdE.xwtMcDitDNZj8tN06QW5QcIGLx9PHPG","2ddc7bd35462ae0ea097b2bf561797a9",False
75,"slzaeyw9fs@testando.com","$2y$10$pcStb94nmDIjVWFYQlOdveMsA.EEoJ38f2vY3mSvz9nEejwmE8CSW","2a4b235f5b10f8542f15c1bd2aeb3bc2",False
76,"hz769qgll2@testando.com","$2y$10$yxpqLDkTkfPQArPMwncJA.EhddPrEZ8AsyJv9S5fJCqccu2bgGdQ6","db8bfe7b62f0be8c5d155c4c91c77aeb",False
77,"jli177nik2@testando.com","$2y$10$X6IbvmxU9zh/K1t5T4x4W.Ou9h/s1aycmg4i7d5mWgRLEfRQtSkdC","89cea4f2933225eecaf3015fd4a63458",False
78,"ph3m2t629l@testando.com","$2y$10$O8Fsmjw17rhnkuyW4uqqjODKKsAJW9xYDjlVm7fV7pSCIp9bkXNra","79d530bb7ff495c1f691f4e0cb47c212",False
79,"o0yb09yj0p@testando.com","$2y$10$cDOgh1PQtutzRlZ1kfo6vOECDGXHkRqZ3sJxfPKG/.Ut1t1CBuupy","c2292b2a9b5aeac00c8ef6e504614f5c",False
80,"62nr3itsv3@testando.com","$2y$10$hHssZwTG7Kma4CLXML8J0uZNzKjwJKVyo.kMfV0sFNPMCd5HlYypS","ea744ee5b15a3dec2c3445d955074ca7",False
81,"3bra8n11b4@testando.com","$2y$10$J57dwjbw29hpVuexgV9ItOL4yy46o4sUxtwLzbzeaJdKgUlwNladi","313caf61c70b01f527ed153b876c1cd2",False
82,"uef0s5y98r@testando.com","$2y$10$IiWb2kxrdTHYJ19ZEq0lFeT4RwkuoWEG6Sj4U8wNvIHP2Hs0EFDMe","856cb0c22824af33313b976d735f5c9b",False
83,"02u6pw9wbc@testando.com","$2y$10$bPHdVtiBqBc5YUuFVSSecOdQFGzqXir8XPa7bzb4chjyBAzCgqDBm","ddd3c703818200da70280a3f63fd3024",False
84,"45nkhlabr9@testando.com","$2y$10$DFtlVIcXgkOUwj4Hf6cb/uIHA2gibh/rko1ZMNG4JLBmut4QoNeum","4af4f201651c84e6663f7b759fd472f8",False
85,"xcji236pfl@testando.com","$2y$10$i.gmh7bN9e28UkbycjOWeuLzA/oFA2PtqRinPmnno3LNHYkfj9NI6","3d0b75a522042a09b8988748dce4ba57",False
86,"w15399xmfu@testando.com","$2y$10$fXCmOwwgqFWL3vgbs9RwnOenUAuMeFzBd4/cRQEWYITJ5bhPlIN2.","d067b0cf682d406b896d33c1afa7b6e3",False
87,"d0bs1xmpt2@testando.com","$2y$10$xjeCh3YiaiNKi.taE8rd8uF45OExtDPj.rVUysZKvVu.aMYMlJHji","8846ae5f99c06cdfbf6aa1ec337f9a5d",False
88,"tc9k8ohyvc@testando.com","$2y$10$DVSLw8Tue85NWnwKR/GjDeXohgUAd7MeRmZgBUnAT2eNwWwjavqyS","7270c6e740f0e00649257d611488a21e",False
89,"ypfr4co4iu@testando.com","$2y$10$ZyJZzDmiDmuOVzjNVL.WteNjVJwUEZmRoBq0E0LrhGb.b1xJEBfr6","6f2b242117eedda68e421ba152fc201c",False
90,"f91zbw2jhg@testando.com","$2y$10$9szzbNa.RQN9IR4.Ik8LIevcx1MnFiSnZOLw.0MRL/2rIjhU/cmU.","c8e9e77788351e6dd9e62e556a1126ce",False
91,"ey4nubxc34@testando.com","$2y$10$6kNnB8h4NphWngJTe/WDjewRxV/pRUcskYUfEhDbJfZfIqNuiqKr2","bfc387d9e19cdbc0b9cca4d71c6b108e",False
92,"hr6fhz2upl@testando.com","$2y$10$Zb90EeBoPCUF.uklgJ//JOj7FJAk2Vu/j1T6Y9U3I36eY4VxeFWT6","5d0b43743aef1f96c50c7eb279580eb0",False
93,"dz6ka6a64m@testando.com","$2y$10$M/E8nK0nEq3ZGrhSz3ucb.ODXyQmqyX95XXU4xO69v8pElyrTafQ2","05044114c8b858a4fb17489bfade6878",False
94,"3dl3ewoc42@testando.com","$2y$10$NhuYkMDlGFTuMIQiHketYekkPs/I4bpxlqmYY78dHXG7PVgWdXnkC","a3b12eb7651dcda7b141be4885f12e65",False
95,"0hnh55sdjg@testando.com","$2y$10$1bsKzrtVktWuK8Htwz6tY.DalFZ8LPRPD1AXzp0LBVUA2doqrkHri","c4c23380306dffbc429a04a7edd695a1",False
96,"9og4f108w4@testando.com","$2y$10$Fwb0tB4zJ7TyDvZRBbivwOsPrvpOvAYd.GsQyHPS1M25uKSN8BtJe","4785aa3623cf13ec89d148fe74ee5ec4",False
97,"7qhtpplmkb@testando.com","$2y$10$umUDr/HYlMx3LJS5mH90ie/6jMcMkVP/PxZmCrcvZMRe/XQiIFjJO","f10a3981df643b6e8c25eb3811cc31bd",False
98,"qwkciog42k@testando.com","$2y$10$o3Rl4AI5fSz56k5BZlDp/Ota7tP9kBbNtNNS0cnAFeSZQdomhcw7u","1f69050af14c89c3d8f0948c429fddde",False
99,"9yit5mza14@testando.com","$2y$10$.vmdQB3uxcXStV82AaoLrePQ2cWAsFrjkxkQukxR7MVRdzl6z6Gty","4307560d49aa9f66c1cf4118887bd976",False
100,"xwodqa0bir@testando.com","$2y$10$K14ys4OFB80f0Ut9E2YeHeSuwjam14m9ZkxJ/tr2t8JhpzTTjIuX.","77728adda9a29d9fa6de336464b28a56",False
101,"3gv77wjrs8@testando.com","$2y$10$GcitqeC6YgNjv.hO3lgMZ.NVf/8Ob4bVhAWBJFkxc8Drg3NpjTiLq","90e03ab9b8b924cc8046116239d74d95",False
102,"eoicpdisof@testando.com","$2y$10$PvL17FzUKlJZKSzD5u6cqeFmmZl5jD5LphKVmrRTEU5.S1hIEAYtG","e101f30025090fd6b4041bff9da2f3fa",False
103,"ea5qol2ej1@testando.com","$2y$10$5G1BP7JMBuQS3bvfXb0UCeurv2u1gdx8ymeHWd4qKNM8YCXV25CcC","e6903b807ae86d8c60d45a679d16e998",False
104,"hkkdrkd0mr@testando.com","$2y$10$Mmfn7lYgAXklwVq6uXeFqOeM14MLUJHBawnZjYTAr0.ZyrpzrU036","d2b705a306e8a9cdb805102ca091dda0",False
105,"ad267f2bu6@testando.com","$2y$10$rQaLmj6lF6UNTrIijF8nNeRh53OajpOLztWEdBjSU54e/dVR/cIY2","706523e611df918f85cc8e286b22dd17",False
106,"tbgrk9uvkf@testando.com","$2y$10$QYPo3thookuvH5nc/7UgmO8dcSOC5GiXFdCwItn6jJJUDs26NaETy","eafb55f5ff1ea6dab6bc20da341743c3",False
107,"yruzdgg6ne@testando.com","$2y$10$P1wsU2TWl4LKf06UEWtOBONq/fjgSricWBZj0kFDgVifFUkKBrRWe","37b771a65ef4c4b6199b75497fe0d95f",False
108,"gypwqg2q46@testando.com","$2y$10$3Y02yLI103w/Fw3D8Dgwfe2aWBsJq8efd0rCjtW01JA8XDkeimNFy","f755ab38f8e85474fb98194960122629",False
109,"c2l35ydpev@testando.com","$2y$10$tGSV7Ap6AthdPtBamEBzE.3DW3DMbRGhZonmk24pMB05LxKYPqnp.","a619f2e0e6fe6256a7a9c205d363c985",False
110,"wzl0bti5s8@testando.com","$2y$10$yEXPULbNXBBvNbWSHz55peRuk8LPAsTwHH5FkoLzuTat1bAOF/Rb.","f62404d79683b6dabf700c523088a9cd",False
111,"wfozsltwtm@testando.com","$2y$10$iNJnbPsRdNgG4qkDG3sl7OmCXh.Rj1mwgrsVuKZrRa1LOF/oFd2Ui","4ff1c851750fa276bd3f405c5f3ac1fc",False
112,"nupuya9uw2@testando.com","$2y$10$9gjWs8aVwTus3SBqfpJ3R.sWCKQTtCEQOgYvSatq7nFvyPCPncSr.","f76813b12ad31d4de54666035f262d1c",False
113,"6ggpeq78ah@testando.com","$2y$10$pCZrZTxktShiDEpXZVYwRuxZQM3ulprLJv/5ptiaYs5DGYKpe6.Ly","aec129817025604deb18c5bb270e9bd5",False
114,"enf425zfhl@testando.com","$2y$10$e5CY6J97oLCPufuFCEJjXexwOXlnAghSrGn/oHns2x/i9OgiLUJzS","600c5a1a78f8d73de683d05f9c59db2f",False
115,"hwkeexvazl@testando.com","$2y$10$H/TYxQp5Dn5o3Cgx1QIoZesNYI0lenwzfPDivTmW50UMfMX7JppIG","d17d6354ce7f2952526b85dd637a7c6f",False
116,"yoe4layaok@testando.com","$2y$10$nEvfKESopjw4Ai8sL9844eH2XABXGx5./NMBicN6/ZbD0J0hL0Wpa","0ac7b97ac2d5b904ff8ad7c3faf3ed33",False
117,"4209p8nr53@testando.com","$2y$10$PTe2NcFbDVZ0Xol4xCTFjeMulBqcqzo7oQSPwpAtkvp6RPDIHUG/e","f7be45537505a9ae0d2e87817e4147b6",False
118,"ixf0w5g66z@testando.com","$2y$10$BpqMbZQGfi0gHJymfx45U.tmMPhmHlDvAQxbP1e9l653Xw.4/Nji.","4c239b661e822fc7aae30270d7e57da7",False
119,"j40gs8unmd@testando.com","$2y$10$tRoAzoz88ph2c7tivM.WqOcOK3MyJaOqPiCpUgwk6DbFDBOFu2.d2","6a7f5ae72636b3c1e9937024aa8e94c4",False
120,"tp3bvoeqwd@testando.com","$2y$10$dbUmKcjcbKTKqvCft8umXOb4pjdaC/ZD2OjWfVYXi.TNkYphMkSV6","681af618c78172273e80d82cd42f142f",False
121,"lc9gw9d50i@testando.com","$2y$10$O3Np8iBFJ5xJcqVjtgUQxOHgoByQEtE1ZGPaIHw5WLc.i3jUR6IKi","9a0fc49b899e82e24ac77203ca32fc3f",False
122,"6low31sera@testando.com","$2y$10$34A8t55Teck7825/zW8cw.r8HYDFjxXyamv0NCcFN0gtE26fXzfmK","53ff636bd1486f39b5986b069f1a0d8a",False
123,"j1m6c31wm5@testando.com","$2y$10$RSIajc.hwToidzVwcz6nUetlqd8SYVic.Dm202.R8b6iY13/R9g9W","ab535345aad851b376ff24f0d4bbc8ae",False
124,"hztu1dsxwr@testando.com","$2y$10$ndfPBcBG25Nkalk.JRwR5ONX/2lnub0DOSseuqTt/eYV8DiTYCk6G","8f4cf80e29ed6cc27f872670f12f89ae",False
125,"rxxrobewge@testando.com","$2y$10$Bhjqn9nC.KOlAEd9rPm4OecPxQDDOa7t8NRlmd18V9uWPSV2cPwlu","91a982aacebb3b363dd3acfc2830cbd5",False
126,"8dx9t0c3sz@testando.com","$2y$10$4y4LRKeMv6c4r9a48sKC7.yRyCFB8WExeE85a3If0TVP4PfEYLWjW","69e60ba1699ffcf683d785b1c53dc156",False
127,"spjzts14jj@testando.com","$2y$10$V4tivD68.pDbeKJJGL.g/Oaj6uW/DbrIVOUx7.vhF9pZumwYMqXwi","93e2e2b5325adb2b88ea0569aeb37c37",False
128,"im0awd3s6c@testando.com","$2y$10$GToE/fMMzRGTqKQ/FapJnu3n3KvThaxSxCY6CtmjvImJDP2Sv6xa.","4328b9766c2b276e914823460c58a9dd",False
129,"xl0p48pc0n@testando.com","$2y$10$nrHt59HLQx0EH.TDl5jN7ul8w50KgMfpVyWPvfxWZq3XO1Co.e5qy","5069bfa5192178e6c51b1f026699efad",False
130,"tibvxosrs9@testando.com","$2y$10$MiH5oX98HllanACm9qpqe.F1ncZ5STQyYG6j1uNmw5ne0jWeyLe7i","03186f53aab1946c79178f299fe5ec36",False
131,"9z0tw99dnz@testando.com","$2y$10$RiS4HZSjrocUBKHpDc6kvOoBHlnl5KKdPvcBWejCksm1mBqqxW1Ze","241802620f57804d692b73c66952c1d7",False
132,"h551ao708b@testando.com","$2y$10$1vGc6Qbe5XSTOrULNtAso.JR8WDK.P2i7TECvdWqlJZiViHZ5HcFy","1772c5f8cbadfd0c7978ba14bac4dcf3",False
133,"s3wikmsfcr@testando.com","$2y$10$P3x.shR.sNndWynuik488uYY5XjNY3mxf43sLjepTbSPG1i60g.ta","7c36bb79bb459779a9f81347a55c8526",False
134,"7ck8hompkd@testando.com","$2y$10$gpjQfd06YJlEMBLzYxap6.5FkgogD1ZMe1ua22iwETqJEvQ6wRscC","e1029c05f1eb9e4d16662b8300f84156",False
135,"ng5kzxb313@testando.com","$2y$10$6.UOiu5V4OHS.iVFaF579OGcB5UCQhFNneTxVZPKJJ62JP/LtjvAK","2bb83a49f374ae2fc3d6bac548299bdc",False
136,"s3naha0ap7@testando.com","$2y$10$yys4PFDgIVbOTg3ztX6b.Or2wH4BnC2LD4XehLS1j/ZXknlfmVKFa","fb733653e58553c435843b2badd8c4a2",False
137,"cs5f3zbyne@testando.com","$2y$10$oJIvc.U2fv2Obg2WFum.FeQzBJ42DKShEn4z4uHL/UKIvjUmwiaTq","93dc216b5812b500d57dc97af08a92b0",False
138,"287zf70u8t@testando.com","$2y$10$.5dPwOZSDs.uWRKAAuSOdOVtDLt3xU0/FrtaMBeVzGRadCkd2HG2q","c158f93acbc2d4246caf42fa7af583b4",False
139,"yju530hg4g@testando.com","$2y$10$QTp0jvHN73hiwHMRiTPJ.uP4LnnyShnrAviJrf8LvDSYKCilEKmly","262174a491b750e4ab8eabfcaa4afceb",False
140,"2qfimi3bfs@testando.com","$2y$10$ZBGCvphr/1yy.S67IWrVheGEC3w8aTVySfqzkFW3yuZ6vqLRPaRkm","99406ba48b4fa4aaf42a98ea03e60771",False
141,"ailftkw1ln@testando.com","$2y$10$ruGA2TucOLun0dJYwudSU.yZlHZN2W1ox/5MjCFwizsOAKTQDqIjK","f7f9a34a09600af1906d0a4a3cdc3e50",False
142,"b97bduwqp3@testando.com","$2y$10$5HqNsvzPN50C3XleFj5OTOQbHHa4p8cvgZ1x/EnY1EBKoI8Ihac.i","65ee9d5042c2bef0c1084effbe8e4018",False
143,"yvqrah7zio@testando.com","$2y$10$dJ/fm.VMpdmvuceRIZA1V.B35n661xR9mgJldIL0D/L/aSMGzCNMG","0fe84c36634c661fabac999d32678b4c",False
144,"bhinmmwmlp@testando.com","$2y$10$sDh2TCUhUb3xODv02D7mn.zUucIr7nG/Jkx7UntM4HM0fcO95YCXa","8909e1b543f45f88a845af08a4df76a6",False
145,"3ix16vzegb@testando.com","$2y$10$PvYeaLyptckR6DMI/ZuFD.8gDxUdBFt2W9ZGKeaflwwyuUYyepBa.","ee97740318571d0ce29800978cb0226b",False
146,"jfr544p5xf@testando.com","$2y$10$nUAE30FVANlBWR7iNuUyVevNwQFGGYc5mxsn3oLMhFE3cVWELo14a","3ffb1ed108ae284fd3a65638a8bb8fa9",False
147,"fukzruy5mc@testando.com","$2y$10$LcFv1E/f9gfXRfk1Y/Mj3uPT56nl5CN8RcmAQHTmI4BbxbcoKarHW","a47cc46b6563914c308dd118a0ebe132",False
148,"mjbzheq0kh@testando.com","$2y$10$Qy1ceTAgenMssMNnYp0R8.excROSyd5zfDqNVuhSruiorCBZTj2Yy","1dafd52052cdfe25598077ef13d3eb64",False
149,"65xcmn7e7z@testando.com","$2y$10$vN5AcaEQUcwXmwE7TFSqi.kJNQtKIE3bgyKSXOliQRWBhkbMtkdAy","f0e768d2387ac5675d1d32f5dc7b1aa6",False
150,"pt6c4i7s73@testando.com","$2y$10$KPvIEtVgGa/pwnZ6ZL6KNuWZt5ynTdhsjJNQ5b4Qra9VvCFWO3A2u","9126ba12e24479c2c636ea499d46dd5f",False
151,"qe9aknic3w@testando.com","$2y$10$osNZ/uK1pk/jqNKEVEjAPuH9C6WOabMtHVz9CXHwnXvyD8DmkSd0a","2ebf4904fd79e4382eb2255461c5d40b",False
152,"6o1frorgf3@testando.com","$2y$10$tJyNfbEglOkp85QKnG7yYe7XBjAeRx.t/fc9wv6owfbcyZUy/813S","baf126aafb74405cc970e8427f8ee62e",False
153,"dvb4x73xik@testando.com","$2y$10$6QAk9f1z.0NxxRV2hzUsjuLuZGSsYMbBP86fVnsaj42rzJj4lMTwi","ce13e21ba7de4020ebe4892c56c00700",False
154,"kczj20cr6e@testando.com","$2y$10$NgqYsUjZ237eXf0qn0YWwebSONOMA9QZz9CJajygtm44C74VhE7CW","bab3552d6473d77caa47059ff3e83b93",False
155,"knaqrwqhh4@testando.com","$2y$10$WlG54/j6I6rlQwRitN39FuOH9nAUBehSWbr2nYo.az7H5skQeMNde","a337cb4c231aea0f55015ff837fa0acc",False
156,"ntlalincse@testando.com","$2y$10$ywLAeXyAqi3JgEcnAAPtVOjGQtowhU3vGl.wHNE12y6yUMYLSKlLu","c2cabeef3ebbe2b25a31eeec8e4b0b21",False
157,"53oxv0e25y@testando.com","$2y$10$eZwxwIQonlWqrQvf1SVmP.P/JsXil4lw4Kh74DTuCaRDOgrypF4LO","8134c9d045c28b7941650fcfa83c1f66",False
158,"nr7s490hp1@testando.com","$2y$10$dKt.3sHFDNHlWkEOQoNkvuNVC1T7HyFtFLu1F2h0Xs5gD9c2jwkjW","2dd911b1bf49d3fd61695cbcc3acc57d",False
159,"hnr2wivfv9@testando.com","$2y$10$fmPvZJweX7A6fQalVKlOBePORmLYhodAJye6Pvg6cqKUqd3ODciNq","3e0d72e76905303616742b484f133bd9",False
160,"3rvgd3vhjb@testando.com","$2y$10$nByjERRZYpihBtX.4dHoo.pockamnuFDWQ/BKOdSlMA8i8rZfAhAe","7d1bb3b84f58c05ae1e4ee0e034e617f",False
161,"meom6bsck9@testando.com","$2y$10$jnVJPiS/EubIfhQGg5DQSOjCsG4FlXCJfZaqDT3zhCuiI4CABdlTO","127b20a09be860552d7f4654be48ca50",False
162,"pg5ejzfsln@testando.com","$2y$10$cwmM5rAQxnp31YgXKFO8Vex/uE9DAtCKYcSo8YIe2ryv4wp5w5ck2","76d4400c6c2eaf45b9b88b01560bd3b4",False
163,"ktdqkw3ege@testando.com","$2y$10$XUm84hIh72HwmGG0adwwTOYU5n6/vVsLPEBSMH4PKpKRXeJBwzhR6","4a7827f0f420ba972c748277a37f8d2e",False
164,"khy9lg2ik6@testando.com","$2y$10$4CUDwhXYnMpmKolNYh4uPeuGknW8gRZXYsIXvT9kb4cVAcj1sgyne","1ef606edf6c4e83086f7167841b19453",False
165,"2c9rc722kb@testando.com","$2y$10$6xT5eJgZQ6IJsw4JPAjAzuMuD7ku.RhpygYSmES3nVqR02Qsx5ktS","4ddfe2957028e2a8fb2f724a0e9192b2",False
166,"vv4ie42pug@testando.com","$2y$10$R2LKGhlwjvY4.Vp7o8TI1uUa/XG22aJqKV8pdEjDsNZtt7t.w.irG","4823e4163ffa58e792748abba9fb4ada",False
167,"nxixovctx8@testando.com","$2y$10$U44el6Jh93Io/FVe6X1DWOQNHqFPQtSzExnsQDwbBUiWhI.1Z.qtq","f94444d08d45dc9037a830f6bb3a43fb",False
168,"0u104a6q5l@testando.com","$2y$10$YoRVuYb4wnRg8NOV4d4jA.Lq7zik2UN8azm5ZD8Y6BbAz0Nu9iI0G","1692c365ba0c72e3d397eee8f9a11b9f",False
169,"57i498pg1v@testando.com","$2y$10$3GJvHkcxNofGMYwQx8aFfutzJcjhyCKAk4odAHwbRjcLkYufIK/py","1424fe952a3dbc9adc9d0c725e3599c5",False
170,"1it42m0zr0@testando.com","$2y$10$WURe0BFq59r.t242ecOXluxfpufTL55t2xx7RptivcTIFw7eH8PH6","e43411c03967eefe52c4870f6e7ee959",False
171,"4lrapo623d@testando.com","$2y$10$2ZQevCJTeu71PvZHlCrh0uiJtgLDhIfFXLq8E.NSbrPMkhvU644mG","2c2f3a263d29507b07e883eb91512eb3",False
172,"1q5sq5q6fw@testando.com","$2y$10$Ytx6jVzaD9lUii2b4aF6z.mVf1ZNieLC8SC51WOcW6r1t8bWWBIam","dc50aacd7bd7743115331b65aa24dc59",False
173,"nmq8t6hfsv@testando.com","$2y$10$zqe7MnwJW.IYo0PRkF7i2OVLVhQthgni5ohHHulCF7dyzB3OME.sS","b15c51675010c36699e56171a17ccc4b",False
174,"136168yhb5@testando.com","$2y$10$.UqS4y.aTjL/aiseFk76E.GYuCVRhSOWodMm6rAQqfpTU41dvtCbq","10a5487d1ef172975c9ac36018e23083",False
175,"q9wp1d3eca@testando.com","$2y$10$sC1QZahv.ln3CK0xuKWqcuGM5N5ZtNIOVQZfF97q97SFjcPsHVFZO","f371011e1669cf9696d9f4f1dabbdb2c",False
176,"oe4vb5swt0@testando.com","$2y$10$0qdbYBp.RfDmaRe1uuRhHeZLqL6ztQPIGQPjbiA15fBNAUN44YhY.","8b642a2b6b014046aa5d47022953101a",False
177,"l7t0lbazvu@testando.com","$2y$10$zIIsBQxfZYzI90gh4Ie3TuvXcLcM0cuFVB0np.NQHcU4fXi1z1PBK","3b03ec63aeac3f9c8be96b227be85bfb",False
178,"lgzbzdpkie@testando.com","$2y$10$VbUHHcM4bxgoHV9p6v0jVujryZq/TFaYbbYdEASM6AqJOajrHj5m6","142fd4b0dc3bf843edb54eeaf7705e3c",False
179,"mjxoplmg8g@testando.com","$2y$10$91s1/H/nz0HG2z6bKWx8ceyjZBoi/GEyxR0iUCsBhuysbgdNgCqCu","c0f60da722318d371eed71c0e94b2fe3",False
180,"rc5cvcm7xy@testando.com","$2y$10$IsCO9DJEGl7H9.rnqTHDEeNmznutjb6VWijLywHutGlD3ws/zl/bm","d6b247f2193fbf7fdfedb7ca9e5c7892",False
181,"dy58tffmrl@testando.com","$2y$10$zdl.l5/.N/BZlOcS1DJTKOpNCBh/MbdI0gIzYVlaYJ5mCqv/vfFcW","e0c0b32cf6e7f9f7a062f4794d4b4dc9",False
182,"06fh3jipez@testando.com","$2y$10$xti.l24EGnParnlt/dLIk.Msd2QgLPkcV1jFASLNpuoj5b9gKLnmW","a85371e9353c47bd409c48b83c76da58",False
183,"is93y5uhn1@testando.com","$2y$10$gZQaXIwaxNX5kRThmpTL0el.tA3vx9I2Y7KR4iDUdQwiQM2eX7Dbe","a70483748f7664df5f86fa7413cf2eb2",False
184,"udezmugonj@testando.com","$2y$10$/HOEqOcpecx57DVjW3iB8u0YhpV9ujb0zOs.hETKvgZeNISQYCc5G","ab40cb83e283818f84838984596b8c02",False
185,"ht0hvgp781@testando.com","$2y$10$z7vnFA9ebQzYo8sKL2KBBuWAXR4dWVuQvFLsSsT4vf7k8uD04Tty2","0e7375072565387ba36caf7e6383709f",False
186,"22m0hpgn6y@testando.com","$2y$10$XYuFk4UX6E7joKFPHNKFGOItZuMuSR6xbEISWWn8PjVqJGO0qF6yG","436a6fe359154ed2cd0a616fb3bcb665",False
187,"8s28tw8x1g@testando.com","$2y$10$kklhkSoFmhXQU1xhRLKpNuB/tCUokTnavah2T9hb6gOqWe6qaJdPe","2b0a51cddcbd8bf3e855c19a2642b785",False
188,"ay5dj3kwmp@testando.com","$2y$10$.XN3ypuNi1AoKQIpabXrvuoCt.JmaazVAJhRYrPKg43ytJVaozvSi","c4b435b216f105b891a0ba023862772d",False
189,"7hgc8r8t2l@testando.com","$2y$10$eqiyKHqN8d8P48JeIUVB4u8tj6j/OnXQFLm0XeYBmzBuuovU..jY.","82e286fe20987ed87809f54152ebe8f2",False
190,"ux78i6knj3@testando.com","$2y$10$cm9gU95kmaPBBVcpLNktUuyZJ1DVU/c/mUkWf2oK14aiQqG/dnwie","9b4b231df9f938fd231c46975acbae0f",False
191,"nykr41c8iu@testando.com","$2y$10$Sp4mKQbWTCUh93CGGxwtYOev4.6/k3WW6QMwcWTzlh2NxfSeTMdJa","78325f80e4ec781bc46f00c7b4766f0d",False
192,"wb9bvyo6kt@testando.com","$2y$10$HZWP4XGaY6sS7S27By7IjOV7uyeEr/fv4gzjGKPpr0fcW7pyYP8IW","d91e331f92e8c8bef0b66b7791ee2f39",False
193,"65rprpujrs@testando.com","$2y$10$qUOqcYwULA0Hd9VKWzemJ.DiJ7q/m3WCDSfDtWEnlyg1x8SAKoTQm","e9660dd260673830f116387ac48d61fd",False
194,"6qn2hoozg6@testando.com","$2y$10$n6QNTEw.H5DP43nxdhMQ9.z0EHxH167fUsxyMtofHWhMkNWgIPoyq","8d7f61fa24515ca4e8b43ead43701684",False
195,"fs4pkae69i@testando.com","$2y$10$iqI85.W42njtswSIAh4pfeZ1JG1/DwFSwNN6ZJGXUq6Wj2iS7clVC","e95019fdbb22784c3ed44d75a3891c5f",False
196,"4sx8cz4x2v@testando.com","$2y$10$Ti.1EwULHtObf6SOfpAIUeytKYJ7rGdlydCEjncAtBmP2tb3VCuMS","efa0e10bdd6cd9cce49c53690dd7b769",False
197,"mgl9wbay6l@testando.com","$2y$10$owTiSts3ZNYW7gnJXqMxAuPrN5m1x5W53k35Lsdw1pxPcPnSeq4MG","204c4095b2834f6ec52362123b944320",False
198,"5lqgvcsuvh@testando.com","$2y$10$yRzVaWVzntrVGX88mEliF.BQ45VcGggZssuWTwGfDr7K4cSN5dFTa","25fad546877cb9027f7d4e7935797b4f",False
199,"xudtx4w0jd@testando.com","$2y$10$HRn6mL6IVAjydjzV7HtXmOWdYY.VEFjsxB9sOfz9XYQGH5R9Rmv3G","eb303510f9204e287589961dc7fb7367",False
200,"b5cfrxwpe4@testando.com","$2y$10$modYJ4/46h0qBmosaGU4v.dxwNsHhbQfdmJnUB3fnwx6NinbP9PWO","ac73995d531a15322b53a3f43db77f9a",False
201,"l43zlakc46@testando.com","$2y$10$7X9RL1oMNVKMket1SUP.GOC2Wzygbt1lXOibQQ/ZVx9V3mVmPJfG.","0ff6a0878fc8053fb996416b714a2899",False
202,"hoavkrjgkb@testando.com","$2y$10$suKIhe/o5mcIydZOZDOjnum/fbe9iZC..zmL0mrqkick5RqOLo1pS","4df05b39d7062a723ff77ee3a05efebb",False
203,"ecqfs4mgkq@testando.com","$2y$10$Yjk2o4Id1OnaCUXa6DnyeuasDz2uIIKByoG4JVk5nphLcq1l28rO.","75df0b7ffa69f351905939ed02f3f458",False
204,"lxt1fvanmq@testando.com","$2y$10$2khhn2yD5JfMc3Qk8OO0deEp2vRg8RPqDobYg4QDsCbKjjvwVweXu","f3f38261ccf17bcb8b896efa8b32f3b1",False
205,"figdnhbz9r@testando.com","$2y$10$/.xJHnxxHLdsz/GX2n7RleE0SDs.VRSeRJx3OPBvdRYTHsglvwHCW","90f634058ec3bd7f97d27880825f0851",False
206,"r6o048pn96@testando.com","$2y$10$JFKTeg8Iw8.wVCG1zX133OhhdwjL0wIoa4tLfe5EiMUHGB8RbKe8O","11e06d996c79689f2fe554075e8b22e2",False
207,"9zvqnsvez1@testando.com","$2y$10$c8lMDATN3uVHjCXcgYlHXuO0nmacLyb6Ux6M0k2YOzqrz6vx6ie7W","383de24de2c4112e71aee414a17cf570",False
208,"cuslsyw7qt@testando.com","$2y$10$0MCYa9Ew5j9XK5lbOwPGd.J9pQYg/FciqRowMCr43mCitiK5E.ySe","e20fda4312060db7828db30a6dc74b8d",False
209,"98vdoul7dw@testando.com","$2y$10$YwRQA2qBI5HC74NEVl4jiOF.GjhF2/KhcI3QwMPVbrFnGsjqui19.","74d1b93c3e35464be89eb39cd6fff3de",False
210,"riqq18mkyp@testando.com","$2y$10$/p86JraMzqJwjr/PN/6j0un.q76g9lsP0vnXvlps4ZGBM7ajIJsDu","ba5ea9cbee573de45b48357321916c9f",False
211,"na0shgreqw@testando.com","$2y$10$T5ubId.v9VXNAPju7Uu25uvjUfq5lWGo6/4TPGa5wMqnfeziE00jK","ff58307864925690b586ac2bf2db0a0d",False
212,"yujycdxqo0@testando.com","$2y$10$3JN6BTV2yHCVNRE4M/wc/eWw3N8z1i1oAETgvRYkVx1XsOG2Dc9vW","97a005229616e294d52883e082e367e9",False
213,"2s0zfvoa72@testando.com","$2y$10$AGE/mbZRjSuvShMtnSqscOtbmO2dFkCdarWspqiCJXx/7V.rRH28G","be4c0cf69ec71b2c508a8156ce05e3f9",False
214,"laxpck7kwb@testando.com","$2y$10$ICGmQ6RzjOkoZShyT503n.loA328CF1vowqzxIxWseI5qoXsWM.vy","0d157042fc4a51f203cd76ebca1d31e3",False
215,"sulljik2vp@testando.com","$2y$10$lMKr0kFrQUTMHRspK9MFE.ja.MqcLxVEwkvxLe8ja7YFL7YvWs1l2","fc0abb92e6c2007e8d868fe8746e0df9",False
216,"e2lpfne6h7@testando.com","$2y$10$KKtRAiGlNjRtRyOIuX4MuuZhmbDKpYgGJXbgyazuDSLVWj20MX48.","3f30b521dab5d0f2447fec2ea84a0c6f",False
217,"sw5d186uma@testando.com","$2y$10$w6XTwkiCP5L14iW9PGofVOopDRE6wbh.3tWyqys0WRxf813BojUZK","f40b87123512cd3ecf69468f66156037",False
218,"9g8l8a76q4@testando.com","$2y$10$t3NM2TouBeh4y16r8UALguRELySSW3VG39VYroFGT2s8JVIDiaWhK","faf0d7a29afe2d3b1832c09f0e945df8",False
219,"osaxscr5y8@testando.com","$2y$10$/7naTygpVorhdMoJ96B85OtbpbNOf6D0fo2/RbQ.djy5QsocLcPE2","fda69c12293194bffd78313bd98053f6",False
220,"lhe36mrji3@testando.com","$2y$10$qCuzGAsY4H6quNvDkBF1nOIfmOxldb67F0sLYa1UOjyHvm9hzq33K","21ad22fb519e09378448f055f8a9c226",False
221,"m1mayaa55m@testando.com","$2y$10$weKYDt/7NeVpxT7Gn1E05u9JFtwCEMloY8rEdzlzgnlXjlNjH6iCC","cbecfef9ba7443a991b96fbfd8349eee",False
222,"bq3cbg3xmb@testando.com","$2y$10$iosFJ2DhlLMu7iymBE01IOUHY7rtDM09OOYiGUUlUcmjmFh5PlBNm","be6b3a609f2b206030fa958ed1a59bae",False
223,"zdy5zqwklg@testando.com","$2y$10$i/.dACMyQgptl4r8QyWhh.Wiawkt4S/0JA925MByjM4Ap57vfBxES","37d0377ead64186805b856a1d6711b81",False
224,"acu8bf8arx@testando.com","$2y$10$wJ3DbY7biCDQbGHFr6QYNuQOjsnbpoztr09fHp.t4swbyS4h72aIu","fc72d17158e8bc5e107ac9a9238bba58",False
225,"4zuj1m8fon@testando.com","$2y$10$9irOfwvYRHTSNLCeaMma1uhA.jiFKUUcPsZPi5HOBIKpm.Hp4MIT.","cf2b97c11c6bb6be7b1aaebb9c9338f1",False
226,"3j7rct5yhf@testando.com","$2y$10$UYoj8agDG1fBCdcXaQkTWexzAB/EjmfCkBZ7CNvzUA.36fbs91khK","259a8e66e181a13b41f4e5623739c4eb",False
227,"xxjjkqwhig@testando.com","$2y$10$gOV8rWvG8fNQaf6JSsnBnOlQQ4rECBhIRIerwNOUCj9kRzCIgVhXG","fa64041d19173a3f624d72c3fb259a8f",False
228,"r30pk8l60z@testando.com","$2y$10$P2whyEDmsGpUeJI.VsRzyeQpMfWW7cP6VF5q3SmbJGDqfWo91oBxO","56ec2178bf1092398ad893e3dd9b7be6",False
229,"oj8j2rvph8@testando.com","$2y$10$v5bu7GDpN4dJfwyK3lyceO8.6tmAuGsU2mHfpIDKxu8TSogbqSom6","5bff835e8fd3499b93577291a3c73566",False
230,"ca69ncna61@testando.com","$2y$10$LWmMOVsgojNYE7Qtc6j8p.4p6qP4PX0/8iQFsbJjSqCO7hvZw8fJC","5810b3865771f10df0c85bef240b8a21",False
231,"w7vllx3lpo@testando.com","$2y$10$cW6ItW2QsOb6KoL0J9SNTuhizOwosaTuSfKKBI/13QJzBeVTGIlgS","ba7f76a4ed4a343b0c0e33d8e9139260",False
232,"pcbtkri4ay@testando.com","$2y$10$nZmyFt8hA.Au7QkZ8ukjROuKls.TUehyozh8JwLAXxO1ARqpwWLMu","7c3f12632024d2aa0d279521bc910c8d",False
233,"hsk6mopzzq@testando.com","$2y$10$TkXxZdSd5cIgDKAZMnRoEOMtqupHfmC04iIcySKyI2H6ILA3sSFEq","37e6e83f407d48cb9c7004747a50971d",False
234,"1wgs4wjbgm@testando.com","$2y$10$vZQVzSvSpvl9XaJSP8LiaujDGNLgTXCxE/70bLGWPNzJSCv81gmPG","881241b98bcefc48d5565abba6786e9d",False
235,"rybpc5pwv3@testando.com","$2y$10$N1mvPwuQSTmABmQ1k1aMEu/mBxCjzDTi3AYDONcCsCUpqeB0mYGKG","74e53b91020172aae8e5c941288d4a60",False
236,"miova4qhhc@testando.com","$2y$10$9NQ/.gcvFetsM1Xv7wD8cevMCMBzOlX6EUzGvXGvg4l86hvPfolBe","f6928965da8dfef9e8aacc3b362e56eb",False
237,"uho50ystr9@testando.com","$2y$10$aq4tU215JPFFS1lG1EqYjurTwf5k3assJCv/EQ0IUIQxGz.PRno9y","8258ff6275fe83a37ce61b9fab33b477",False
238,"4b3vz2jmgy@testando.com","$2y$10$wvXdkvLx0E7srh404WliL.Ya7mfrTP.rjdMr5ss9I6IRJL/RW/4i.","9bf99ce337b1d8c6b180beb8f4d074b3",False
239,"rcylyrsoj6@testando.com","$2y$10$USYMs86UMkOzbLcGDEJjh.PljUqLFKjnMiqncJvLkdSqjXQWm4zgi","16ea3556d2c3b882d838c4571f749c81",False
